Instance;d;k;w_bound;Time;OurObj;intercept;slopes
../src/instance_set/generated_instances/bigm_tune/bigmtune_50_10_-1.dat;10;50;10;300010;41.517214;-0.387304;0.918014~1.856033~1.922009~0.000000~2.018398~0.000000~0.000000~0.000000~0.000000
../src/instance_set/generated_instances/bigm_tune/bigmtune_50_10_-1.dat;10;50;25;300009;42.043642;0.064729;0.828744~0.000000~0.000000~1.559442~1.132692~1.474834~0.000000~0.000000~0.000000
../src/instance_set/generated_instances/bigm_tune/bigmtune_50_10_-1.dat;10;50;50;300015;42.043642;0.064729;0.828744~0.000000~0.000000~1.559442~1.132692~1.474834~0.000000~0.000000~0.000000
../src/instance_set/generated_instances/bigm_tune/bigmtune_50_10_-1.dat;10;50;100;236456;42.043642;0.064729;0.828744~0.000000~0.000000~1.559442~1.132692~1.474834~0.000000~0.000000~0.000000
../src/instance_set/generated_instances/bigm_tune/bigmtune_50_20_-1.dat;20;50;10;300008;34.840900;-0.093888;0.838892~1.014401~0.914380~0.000000~0.000000~1.179980~0.000000~0.000000~0.000000~0.000000~0.000000~0.000000~0.000000~0.000000~0.000000~0.000000~0.000000~0.000000~0.000000
