Instance;d;k;w_bound;Time;OurObj;intercept;slopes
../src/instance_set/generated_instances/bigm_tune/bigmtune_50_10_-1.dat;10;50;10;300005;421.199967;-0.387304;0.918014~1.856033~1.922009~0.000000~2.018398~0.000000~0.000000~0.000000~0.000000
../src/instance_set/generated_instances/bigm_tune/bigmtune_50_10_-1.dat;10;50;50;300005;421.199967;-0.387304;0.918014~1.856033~1.922009~0.000000~2.018398~0.000000~0.000000~0.000000~0.000000
../src/instance_set/generated_instances/bigm_tune/bigmtune_50_10_-1.dat;10;50;100;300007;421.199967;-0.387304;0.918014~1.856033~1.922009~0.000000~2.018398~0.000000~0.000000~0.000000~0.000000
../src/instance_set/generated_instances/bigm_tune/bigmtune_50_20_-1.dat;20;50;10;300008;350.389600;-0.093888;0.838892~1.014401~0.914380~0.000000~0.000000~1.179980~0.000000~0.000000~0.000000~0.000000~0.000000~0.000000~0.000000~0.000000~0.000000~0.000000~0.000000~0.000000~0.000000
