Instance;d;k;w_bound;Time;OurObj;intercept;slopes
../src/instance_set/generated_instances/toy_50_20_-1.dat;20;50;100;16;37.528645;5.067922;0.000000~0.000000~0.000000~0.000000~0.000000~0.000000~0.000000~0.000000~0.000000~0.000000~0.000000~0.000000~0.000000~0.000000~0.000000~0.000000~0.000000~0.000000~0.000000
../src/instance_set/generated_instances/toy_150_10_-1.dat;10;150;100;28;265.959175;6.472196;0.000000~0.000000~0.000000~0.000000~0.000000~0.000000~0.000000~0.000000~0.000000
../src/instance_set/generated_instances/toy_150_10_-1.dat;10;150;1000;30;265.959175;6.472196;0.000000~0.000000~0.000000~0.000000~0.000000~0.000000~0.000000~0.000000~0.000000
../src/instance_set/generated_instances/toy_150_10_-1.dat;10;150;10000;29;265.959175;6.472196;0.000000~0.000000~0.000000~0.000000~0.000000~0.000000~0.000000~0.000000~0.000000
../src/instance_set/generated_instances/toy_150_10_-1.dat;10;150;10000;26;266.551952;6.476755;0.000000~0.000000~0.000000~0.000000~0.000000~0.000000~0.000000~0.000000~0.000000
