Instance;d;k;w_bound;Time;OurObj;BestBound;intercept;slopes
../src/instance_set/generated_instances/bigm_tune/bigmtune_50_10_-1.dat;10;50;10.000000;300020;41.517214;25.877878;-0.387304;0.918014~1.856033~1.922009~0.000000~2.018398~0.000000~0.000000~0.000000~0.000000
../src/instance_set/generated_instances/bigm_tune/bigmtune_50_10_-1.dat;10;50;50.000000;300012;41.517214;17.604581;-0.387304;0.918014~1.856033~1.922009~0.000000~2.018398~0.000000~0.000000~0.000000~0.000000
../src/instance_set/generated_instances/bigm_tune/bigmtune_50_10_-1.dat;10;50;100.000000;300013;41.517214;12.673263;-0.387304;0.918014~1.856033~1.922009~0.000000~2.018398~0.000000~0.000000~0.000000~0.000000
../src/instance_set/generated_instances/bigm_tune/bigmtune_50_20_-1.dat;20;50;10.000000;300004;34.840900;4.814323;-0.093888;0.838892~1.014401~0.914380~0.000000~0.000000~1.179980~0.000000~0.000000~0.000000~0.000000~0.000000~0.000000~0.000000~0.000000~0.000000~0.000000~0.000000~0.000000~0.000000
../src/instance_set/generated_instances/bigm_tune/bigmtune_50_20_-1.dat;20;50;50.000000;300007;34.840900;1.739296;-0.093888;0.838892~1.014401~0.914380~0.000000~0.000000~1.179980~0.000000~0.000000~0.000000~0.000000~0.000000~0.000000~0.000000~0.000000~0.000000~0.000000~0.000000~0.000000~0.000000
../src/instance_set/generated_instances/bigm_tune/bigmtune_50_20_-1.dat;20;50;100.000000;300007;34.840900;0.000000;-0.093888;0.838892~1.014401~0.914380~0.000000~0.000000~1.179980~0.000000~0.000000~0.000000~0.000000~0.000000~0.000000~0.000000~0.000000~0.000000~0.000000~0.000000~0.000000~0.000000
